{
  "exportDate": "2025-09-09T09:11:57.297Z",
  "totalCycles": 8,
  "cycles": [
    {
      "cycleNumber": 1,
      "lineId": "3",
      "lineName": "Common Rail 3",
      "product": "4N13",
      "shift": "Shift 1",
      "startTime": "2025-08-28T00:23:16.000Z",
      "endTime": "2025-08-28T08:37:15.000Z",
      "duration": "8h 13m 59s",
      "durationMs": 29639000,
      "startActual": 1,
      "endActual": 271,
      "totalProduced": 270,
      "recordCount": 177
    },
    {
      "cycleNumber": 2,
      "lineId": "3",
      "lineName": "Common Rail 3",
      "product": "4N13",
      "shift": "Shift 1",
      "startTime": "2025-08-29T00:16:19.000Z",
      "endTime": "2025-08-29T08:53:44.000Z",
      "duration": "8h 37m 25s",
      "durationMs": 31045000,
      "startActual": 3,
      "endActual": 245,
      "totalProduced": 242,
      "recordCount": 185
    },
    {
      "cycleNumber": 3,
      "lineId": "3",
      "lineName": "Common Rail 3",
      "product": "4N13",
      "shift": "Shift 1",
      "startTime": "2025-09-01T00:23:04.000Z",
      "endTime": "2025-09-01T09:00:50.000Z",
      "duration": "8h 37m 46s",
      "durationMs": 31066000,
      "startActual": 2,
      "endActual": 187,
      "totalProduced": 185,
      "recordCount": 171
    },
    {
      "cycleNumber": 4,
      "lineId": "3",
      "lineName": "Common Rail 3",
      "product": "4N13",
      "shift": "Shift 1",
      "startTime": "2025-09-02T00:14:56.000Z",
      "endTime": "2025-09-02T11:20:56.000Z",
      "duration": "11h 6m 0s",
      "durationMs": 39960000,
      "startActual": 3,
      "endActual": 300,
      "totalProduced": 297,
      "recordCount": 255
    },
    {
      "cycleNumber": 5,
      "lineId": "3",
      "lineName": "Common Rail 3",
      "product": "4N13",
      "shift": "Shift 1",
      "startTime": "2025-09-03T00:26:29.000Z",
      "endTime": "2025-09-03T11:18:58.000Z",
      "duration": "10h 52m 29s",
      "durationMs": 39149000,
      "startActual": 3,
      "endActual": 247,
      "totalProduced": 244,
      "recordCount": 213
    },
    {
      "cycleNumber": 6,
      "lineId": "3",
      "lineName": "Common Rail 3",
      "product": "4N13",
      "shift": "Shift 1",
      "startTime": "2025-09-04T00:19:50.000Z",
      "endTime": "2025-09-04T10:21:24.000Z",
      "duration": "10h 1m 34s",
      "durationMs": 36094000,
      "startActual": 3,
      "endActual": 276,
      "totalProduced": 273,
      "recordCount": 232
    },
    {
      "cycleNumber": 7,
      "lineId": "3",
      "lineName": "Common Rail 3",
      "product": "4N13",
      "shift": "Shift 1",
      "startTime": "2025-09-08T00:42:49.000Z",
      "endTime": "2025-09-08T10:43:30.000Z",
      "duration": "10h 0m 41s",
      "durationMs": 36041000,
      "startActual": 4,
      "endActual": 259,
      "totalProduced": 255,
      "recordCount": 193
    },
    {
      "cycleNumber": 8,
      "lineId": "3",
      "lineName": "Common Rail 3",
      "product": "4N13",
      "shift": "Shift 1",
      "startTime": "2025-09-08T11:31:49.000Z",
      "endTime": "2025-09-09T09:10:15.000Z",
      "duration": "21h 38m 26s",
      "durationMs": 77906000,
      "startActual": 2,
      "endActual": 246,
      "totalProduced": 244,
      "recordCount": 226
    }
  ]
}