{
  "exportDate": "2025-09-03T07:55:59.947Z",
  "productName": "JDE 20",
  "totalCycles": 14,
  "cycles": [
    {
      "cycleNumber": 1,
      "lineId": "3",
      "lineName": "Common Rail 3",
      "product": "JDE 20",
      "shift": "Shift 2",
      "startTime": "2025-07-29T13:08:23.000Z",
      "endTime": "2025-07-30T13:08:52.000Z",
      "duration": "11h 0m",
      "durationMinutes": 660,
      "startActual": 1,
      "endActual": 132,
      "totalProduced": 131,
      "recordCount": 214
    },
    {
      "cycleNumber": 2,
      "lineId": "3",
      "lineName": "Common Rail 3",
      "product": "JDE 20",
      "shift": "Shift 2",
      "startTime": "2025-07-30T13:18:36.000Z",
      "endTime": "2025-07-31T00:04:43.000Z",
      "duration": "10h 46m",
      "durationMinutes": 646,
      "startActual": 3,
      "endActual": 156,
      "totalProduced": 153,
      "recordCount": 161
    },
    {
      "cycleNumber": 3,
      "lineId": "3",
      "lineName": "Common Rail 3",
      "product": "JDE 20",
      "shift": "Shift 1",
      "startTime": "2025-07-31T00:35:58.000Z",
      "endTime": "2025-07-31T13:00:55.000Z",
      "duration": "11h 0m",
      "durationMinutes": 660,
      "startActual": 4,
      "endActual": 126,
      "totalProduced": 122,
      "recordCount": 103
    },
    {
      "cycleNumber": 4,
      "lineId": "3",
      "lineName": "Common Rail 3",
      "product": "JDE 20",
      "shift": "Shift 2",
      "startTime": "2025-07-31T13:08:40.000Z",
      "endTime": "2025-07-31T21:44:45.000Z",
      "duration": "8h 36m",
      "durationMinutes": 516,
      "startActual": 2,
      "endActual": 129,
      "totalProduced": 127,
      "recordCount": 118
    },
    {
      "cycleNumber": 5,
      "lineId": "3",
      "lineName": "Common Rail 3",
      "product": "JDE 20",
      "shift": "Shift 1",
      "startTime": "2025-08-01T00:23:32.000Z",
      "endTime": "2025-08-01T13:03:00.000Z",
      "duration": "11h 0m",
      "durationMinutes": 660,
      "startActual": 3,
      "endActual": 126,
      "totalProduced": 123,
      "recordCount": 100
    },
    {
      "cycleNumber": 6,
      "lineId": "3",
      "lineName": "Common Rail 3",
      "product": "JDE 20",
      "shift": "Shift 2",
      "startTime": "2025-08-01T13:10:42.000Z",
      "endTime": "2025-08-01T21:45:57.000Z",
      "duration": "8h 35m",
      "durationMinutes": 515,
      "startActual": 3,
      "endActual": 128,
      "totalProduced": 125,
      "recordCount": 112
    },
    {
      "cycleNumber": 7,
      "lineId": "3",
      "lineName": "Common Rail 3",
      "product": "JDE 20",
      "shift": "Shift 1",
      "startTime": "2025-08-04T00:36:55.000Z",
      "endTime": "2025-08-04T12:35:01.000Z",
      "duration": "11h 0m",
      "durationMinutes": 660,
      "startActual": 3,
      "endActual": 125,
      "totalProduced": 122,
      "recordCount": 118
    },
    {
      "cycleNumber": 8,
      "lineId": "3",
      "lineName": "Common Rail 3",
      "product": "JDE 20",
      "shift": "Shift 2",
      "startTime": "2025-08-04T13:41:42.000Z",
      "endTime": "2025-08-04T21:43:01.000Z",
      "duration": "8h 1m",
      "durationMinutes": 481,
      "startActual": 12,
      "endActual": 126,
      "totalProduced": 114,
      "recordCount": 114
    },
    {
      "cycleNumber": 9,
      "lineId": "3",
      "lineName": "Common Rail 3",
      "product": "JDE 20",
      "shift": "Shift 1",
      "startTime": "2025-08-05T00:26:00.000Z",
      "endTime": "2025-08-05T08:59:57.000Z",
      "duration": "8h 33m",
      "durationMinutes": 513,
      "startActual": 5,
      "endActual": 127,
      "totalProduced": 122,
      "recordCount": 103
    },
    {
      "cycleNumber": 10,
      "lineId": "3",
      "lineName": "Common Rail 3",
      "product": "JDE 20",
      "shift": "Shift 2",
      "startTime": "2025-08-05T13:07:23.000Z",
      "endTime": "2025-08-05T23:05:06.000Z",
      "duration": "9h 57m",
      "durationMinutes": 597,
      "startActual": 3,
      "endActual": 126,
      "totalProduced": 123,
      "recordCount": 106
    },
    {
      "cycleNumber": 11,
      "lineId": "3",
      "lineName": "Common Rail 3",
      "product": "JDE 20",
      "shift": "Shift 1",
      "startTime": "2025-08-06T00:30:38.000Z",
      "endTime": "2025-08-06T13:01:57.000Z",
      "duration": "11h 0m",
      "durationMinutes": 660,
      "startActual": 2,
      "endActual": 129,
      "totalProduced": 127,
      "recordCount": 107
    },
    {
      "cycleNumber": 12,
      "lineId": "3",
      "lineName": "Common Rail 3",
      "product": "JDE 20",
      "shift": "Shift 2",
      "startTime": "2025-08-06T13:10:02.000Z",
      "endTime": "2025-08-07T21:40:08.000Z",
      "duration": "11h 0m",
      "durationMinutes": 660,
      "startActual": 3,
      "endActual": 126,
      "totalProduced": 123,
      "recordCount": 122
    },
    {
      "cycleNumber": 13,
      "lineId": "3",
      "lineName": "Common Rail 3",
      "product": "JDE 20",
      "shift": "Shift 2",
      "startTime": "2025-08-08T13:04:28.000Z",
      "endTime": "2025-08-08T21:48:37.000Z",
      "duration": "8h 44m",
      "durationMinutes": 524,
      "startActual": 2,
      "endActual": 124,
      "totalProduced": 122,
      "recordCount": 107
    },
    {
      "cycleNumber": 14,
      "lineId": "3",
      "lineName": "Common Rail 3",
      "product": "JDE 20",
      "shift": "Shift 1",
      "startTime": "2025-08-11T00:42:30.000Z",
      "endTime": "2025-08-11T01:15:09.000Z",
      "duration": "0h 32m",
      "durationMinutes": 32,
      "startActual": 3,
      "endActual": 21,
      "totalProduced": 18,
      "recordCount": 13
    }
  ]
}