{
  "exportDate": "2025-09-26T03:57:35.710Z",
  "productName": "4N13",
  "totalCycles": 14,
  "cycles": [
    {
      "cycleNumber": 1,
      "lineId": "3",
      "lineName": "Common Rail 3",
      "product": "4N13",
      "shift": "Shift 1",
      "startTime": "2025-08-28T00:23:16.000Z",
      "endTime": "2025-08-28T08:37:15.000Z",
      "duration": "8h 13m",
      "durationMinutes": 493,
      "startActual": 1,
      "endActual": 271,
      "totalProduced": 270,
      "recordCount": 177
    },
    {
      "cycleNumber": 2,
      "lineId": "3",
      "lineName": "Common Rail 3",
      "product": "4N13",
      "shift": "Shift 1",
      "startTime": "2025-08-29T00:16:19.000Z",
      "endTime": "2025-08-29T08:53:44.000Z",
      "duration": "8h 37m",
      "durationMinutes": 517,
      "startActual": 3,
      "endActual": 245,
      "totalProduced": 242,
      "recordCount": 185
    },
    {
      "cycleNumber": 3,
      "lineId": "3",
      "lineName": "Common Rail 3",
      "product": "4N13",
      "shift": "Shift 1",
      "startTime": "2025-09-01T00:23:04.000Z",
      "endTime": "2025-09-01T09:00:50.000Z",
      "duration": "8h 37m",
      "durationMinutes": 517,
      "startActual": 2,
      "endActual": 187,
      "totalProduced": 185,
      "recordCount": 171
    },
    {
      "cycleNumber": 4,
      "lineId": "3",
      "lineName": "Common Rail 3",
      "product": "4N13",
      "shift": "Shift 1",
      "startTime": "2025-09-02T00:14:56.000Z",
      "endTime": "2025-09-02T11:20:56.000Z",
      "duration": "11h 0m",
      "durationMinutes": 660,
      "startActual": 3,
      "endActual": 300,
      "totalProduced": 297,
      "recordCount": 255
    },
    {
      "cycleNumber": 5,
      "lineId": "3",
      "lineName": "Common Rail 3",
      "product": "4N13",
      "shift": "Shift 1",
      "startTime": "2025-09-03T00:26:29.000Z",
      "endTime": "2025-09-03T11:18:58.000Z",
      "duration": "10h 52m",
      "durationMinutes": 652,
      "startActual": 3,
      "endActual": 247,
      "totalProduced": 244,
      "recordCount": 213
    },
    {
      "cycleNumber": 6,
      "lineId": "3",
      "lineName": "Common Rail 3",
      "product": "4N13",
      "shift": "Shift 1",
      "startTime": "2025-09-04T00:19:50.000Z",
      "endTime": "2025-09-04T10:21:24.000Z",
      "duration": "10h 1m",
      "durationMinutes": 601,
      "startActual": 3,
      "endActual": 276,
      "totalProduced": 273,
      "recordCount": 232
    },
    {
      "cycleNumber": 7,
      "lineId": "3",
      "lineName": "Common Rail 3",
      "product": "4N13",
      "shift": "Shift 1",
      "startTime": "2025-09-08T00:42:49.000Z",
      "endTime": "2025-09-08T10:43:30.000Z",
      "duration": "10h 0m",
      "durationMinutes": 600,
      "startActual": 4,
      "endActual": 259,
      "totalProduced": 255,
      "recordCount": 193
    },
    {
      "cycleNumber": 8,
      "lineId": "3",
      "lineName": "Common Rail 3",
      "product": "4N13",
      "shift": "Shift 1",
      "startTime": "2025-09-08T11:31:47.000Z",
      "endTime": "2025-09-09T12:00:15.000Z",
      "duration": "11h 0m",
      "durationMinutes": 660,
      "startActual": 1,
      "endActual": 246,
      "totalProduced": 245,
      "recordCount": 228
    },
    {
      "cycleNumber": 9,
      "lineId": "3",
      "lineName": "Common Rail 3",
      "product": "4N13",
      "shift": "Shift 1",
      "startTime": "2025-09-10T00:21:29.000Z",
      "endTime": "2025-09-10T12:00:10.000Z",
      "duration": "11h 0m",
      "durationMinutes": 660,
      "startActual": 2,
      "endActual": 246,
      "totalProduced": 244,
      "recordCount": 199
    },
    {
      "cycleNumber": 10,
      "lineId": "3",
      "lineName": "Common Rail 3",
      "product": "4N13",
      "shift": "Shift 1",
      "startTime": "2025-09-11T00:23:59.000Z",
      "endTime": "2025-09-11T09:30:17.000Z",
      "duration": "9h 6m",
      "durationMinutes": 546,
      "startActual": 3,
      "endActual": 246,
      "totalProduced": 243,
      "recordCount": 184
    },
    {
      "cycleNumber": 11,
      "lineId": "3",
      "lineName": "Common Rail 3",
      "product": "4N13",
      "shift": "Shift 1",
      "startTime": "2025-09-11T11:01:31.000Z",
      "endTime": "2025-09-12T10:40:54.000Z",
      "duration": "11h 0m",
      "durationMinutes": 660,
      "startActual": 1,
      "endActual": 246,
      "totalProduced": 245,
      "recordCount": 195
    },
    {
      "cycleNumber": 12,
      "lineId": "3",
      "lineName": "Common Rail 3",
      "product": "4N13",
      "shift": "Shift 1",
      "startTime": "2025-09-12T10:42:14.000Z",
      "endTime": "2025-09-12T12:01:02.000Z",
      "duration": "1h 18m",
      "durationMinutes": 78,
      "startActual": 2,
      "endActual": 246,
      "totalProduced": 244,
      "recordCount": 29
    },
    {
      "cycleNumber": 13,
      "lineId": "3",
      "lineName": "Common Rail 3",
      "product": "4N13",
      "shift": "Shift 1",
      "startTime": "2025-09-15T01:00:55.000Z",
      "endTime": "2025-09-15T12:01:07.000Z",
      "duration": "11h 0m",
      "durationMinutes": 660,
      "startActual": 1,
      "endActual": 246,
      "totalProduced": 245,
      "recordCount": 175
    },
    {
      "cycleNumber": 14,
      "lineId": "3",
      "lineName": "Common Rail 3",
      "product": "4N13",
      "shift": "Shift 1",
      "startTime": "2025-09-16T00:19:38.000Z",
      "endTime": "2025-09-16T05:47:42.000Z",
      "duration": "5h 28m",
      "durationMinutes": 328,
      "startActual": 2,
      "endActual": 160,
      "totalProduced": 158,
      "recordCount": 118
    }
  ]
}