{
  "exportDate": "2025-09-03T07:56:00.075Z",
  "productName": "RT56",
  "totalCycles": 15,
  "cycles": [
    {
      "cycleNumber": 1,
      "lineId": "3",
      "lineName": "Common Rail 3",
      "product": "RT56",
      "shift": "Shift 1",
      "startTime": "2025-06-03T10:24:27.000Z",
      "endTime": "2025-06-04T08:52:14.000Z",
      "duration": "11h 0m",
      "durationMinutes": 660,
      "startActual": 1,
      "endActual": 136,
      "totalProduced": 135,
      "recordCount": 122
    },
    {
      "cycleNumber": 2,
      "lineId": "3",
      "lineName": "Common Rail 3",
      "product": "RT56",
      "shift": "Shift 1",
      "startTime": "2025-06-05T00:19:59.000Z",
      "endTime": "2025-06-05T08:59:15.000Z",
      "duration": "8h 39m",
      "durationMinutes": 519,
      "startActual": 2,
      "endActual": 155,
      "totalProduced": 153,
      "recordCount": 179
    },
    {
      "cycleNumber": 3,
      "lineId": "3",
      "lineName": "Common Rail 3",
      "product": "RT56",
      "shift": "Shift 1",
      "startTime": "2025-06-09T00:29:25.000Z",
      "endTime": "2025-06-09T12:42:26.000Z",
      "duration": "11h 0m",
      "durationMinutes": 660,
      "startActual": 2,
      "endActual": 143,
      "totalProduced": 141,
      "recordCount": 120
    },
    {
      "cycleNumber": 4,
      "lineId": "3",
      "lineName": "Common Rail 3",
      "product": "RT56",
      "shift": "Shift 1",
      "startTime": "2025-06-10T00:28:46.000Z",
      "endTime": "2025-06-10T12:32:29.000Z",
      "duration": "11h 0m",
      "durationMinutes": 660,
      "startActual": 3,
      "endActual": 143,
      "totalProduced": 140,
      "recordCount": 106
    },
    {
      "cycleNumber": 5,
      "lineId": "3",
      "lineName": "Common Rail 3",
      "product": "RT56",
      "shift": "Shift 1",
      "startTime": "2025-06-11T00:20:32.000Z",
      "endTime": "2025-06-11T12:33:44.000Z",
      "duration": "11h 0m",
      "durationMinutes": 660,
      "startActual": 2,
      "endActual": 154,
      "totalProduced": 152,
      "recordCount": 112
    },
    {
      "cycleNumber": 6,
      "lineId": "3",
      "lineName": "Common Rail 3",
      "product": "RT56",
      "shift": "Shift 1",
      "startTime": "2025-06-12T00:27:12.000Z",
      "endTime": "2025-06-12T12:32:33.000Z",
      "duration": "11h 0m",
      "durationMinutes": 660,
      "startActual": 3,
      "endActual": 112,
      "totalProduced": 109,
      "recordCount": 87
    },
    {
      "cycleNumber": 7,
      "lineId": "3",
      "lineName": "Common Rail 3",
      "product": "RT56",
      "shift": "Shift 1",
      "startTime": "2025-06-13T00:42:11.000Z",
      "endTime": "2025-06-13T12:19:17.000Z",
      "duration": "11h 0m",
      "durationMinutes": 660,
      "startActual": 5,
      "endActual": 126,
      "totalProduced": 121,
      "recordCount": 92
    },
    {
      "cycleNumber": 8,
      "lineId": "3",
      "lineName": "Common Rail 3",
      "product": "RT56",
      "shift": "Shift 1",
      "startTime": "2025-06-16T00:28:21.000Z",
      "endTime": "2025-08-12T11:20:13.000Z",
      "duration": "11h 0m",
      "durationMinutes": 660,
      "startActual": 2,
      "endActual": 260,
      "totalProduced": 258,
      "recordCount": 149
    },
    {
      "cycleNumber": 9,
      "lineId": "3",
      "lineName": "Common Rail 3",
      "product": "RT56",
      "shift": "Shift 2",
      "startTime": "2025-08-12T13:20:15.000Z",
      "endTime": "2025-08-13T00:02:54.000Z",
      "duration": "10h 42m",
      "durationMinutes": 642,
      "startActual": 2,
      "endActual": 167,
      "totalProduced": 165,
      "recordCount": 126
    },
    {
      "cycleNumber": 10,
      "lineId": "3",
      "lineName": "Common Rail 3",
      "product": "RT56",
      "shift": "Shift 1",
      "startTime": "2025-08-13T00:23:58.000Z",
      "endTime": "2025-08-13T09:00:38.000Z",
      "duration": "8h 36m",
      "durationMinutes": 516,
      "startActual": 2,
      "endActual": 140,
      "totalProduced": 138,
      "recordCount": 103
    },
    {
      "cycleNumber": 11,
      "lineId": "3",
      "lineName": "Common Rail 3",
      "product": "RT56",
      "shift": "Shift 2",
      "startTime": "2025-08-13T13:23:42.000Z",
      "endTime": "2025-08-14T00:00:33.000Z",
      "duration": "10h 36m",
      "durationMinutes": 636,
      "startActual": 5,
      "endActual": 151,
      "totalProduced": 146,
      "recordCount": 117
    },
    {
      "cycleNumber": 12,
      "lineId": "3",
      "lineName": "Common Rail 3",
      "product": "RT56",
      "shift": "Shift 1",
      "startTime": "2025-08-14T00:22:38.000Z",
      "endTime": "2025-08-14T08:57:05.000Z",
      "duration": "8h 34m",
      "durationMinutes": 514,
      "startActual": 2,
      "endActual": 147,
      "totalProduced": 145,
      "recordCount": 116
    },
    {
      "cycleNumber": 13,
      "lineId": "3",
      "lineName": "Common Rail 3",
      "product": "RT56",
      "shift": "Shift 1",
      "startTime": "2025-08-15T00:32:03.000Z",
      "endTime": "2025-08-15T12:04:19.000Z",
      "duration": "11h 0m",
      "durationMinutes": 660,
      "startActual": 5,
      "endActual": 228,
      "totalProduced": 223,
      "recordCount": 175
    },
    {
      "cycleNumber": 14,
      "lineId": "3",
      "lineName": "Common Rail 3",
      "product": "RT56",
      "shift": "Shift 2",
      "startTime": "2025-08-15T13:01:40.000Z",
      "endTime": "2025-08-15T23:54:21.000Z",
      "duration": "10h 52m",
      "durationMinutes": 652,
      "startActual": 2,
      "endActual": 217,
      "totalProduced": 215,
      "recordCount": 169
    },
    {
      "cycleNumber": 15,
      "lineId": "3",
      "lineName": "Common Rail 3",
      "product": "RT56",
      "shift": "Shift 1",
      "startTime": "2025-08-18T00:17:53.000Z",
      "endTime": "2025-08-19T00:13:12.000Z",
      "duration": "11h 0m",
      "durationMinutes": 660,
      "startActual": 2,
      "endActual": 67,
      "totalProduced": 65,
      "recordCount": 79
    }
  ]
}